qid,Len,Den,P3,P2,P1,P4,P10
Q712,"48 Hours, 1982",French press book; Starring Eddie Murphy.,Q337,+1982-01-01T00:00:00Z/9,Q2,Q672,
Q713,"A.K.A. Cassius Clay, 1970",,Q338,+1970-01-01T00:00:00Z/9,Q2,Q672,"en:""Feature about the legendary boxer Muhammad Ali."""
Q716,"All the Young Men, 1960","Advertising supplement; ""Publicity specifically designed for Black audiences.""",Q345,+1960-01-01T00:00:00Z/9,Q2,Q672,"en:""Publicity specifically designed for Black audiences."""
Q714,"Airport '77, 1977",British advertising promotion guide sheet,Q344,+1977-01-01T00:00:00Z/9,Q2,Q672,
Q721,"Angels in the Outfield, 1994","Promotional booklet; ""Sent out by Disney and containing an article about Danny Glover and the film.""",Q351,+1994-01-01T00:00:00Z/9,Q2,Q672,"en:""Sent out by Disney and containing an article about Danny Glover and the film."""
Q715,"Airport '77, 1977",Press book; Starring Robert Hooks.,Q344,+1977-01-01T00:00:00Z/9,Q2,Q672,
Q722,"Angel Levine, The, 1970",,Q349,+1970-01-01T00:00:00Z/9,Q2,Q672,"en:""Harry Belafonte produced and starred in this adaptation of Bernard Malamud."""
Q724,"Bamboozled, 2000",,Q358,+2000-01-01T00:00:00Z/9,Q2,Q672,"en:""Spike Lee directed this film about a frustrated African American TV writer who proposes a blackface minstrel show in protest, but it becomes a hit, to his chagrin. Starring Damon Wayans, Savion Glover, Jada Pinkett Smith and Tommy Davidson."""
Q717,"Amazing Grace, 1974",Press book; Starring Moms Mabley and Stepin Fetchit.,Q346,+1974-01-01T00:00:00Z/9,Q2,Q672,
Q726,"Big Doll House, The, 1971",,Q360,+1971-01-01T00:00:00Z/9,Q2,Q672,"en:""Pam Grier in one of her early starring roles."""
Q718,"American Gigolo, 1980",Starring Bill Duke.,Q347,+1980-01-01T00:00:00Z/9,Q2,Q672,
Q727,"Bird, 1988","French press sheet; ""Clint Eastwood directed this biography of the legendary Charlie Parker, who was portrayed by Forest Whitaker.""",Q364,+1988-01-01T00:00:00Z/9,Q2,Q672,"en:""Clint Eastwood directed this biography of the legendary Charlie Parker, who was portrayed by Forest Whitaker."""
Q719,"American Gigolo, 1980",British press kit,Q347,+1980-01-01T00:00:00Z/9,Q2,Q672,
Q752,"Black Gold, 1927",,Q374,+1927-01-01T00:00:00Z/9,Q2,Q672,"en:""Black-cast drama about oil-drilling from the Norman Film Manufacturing Company."""
Q720,"Amistad, 1997",Japanese promotional booklet; Starring Djimon Hounsou.,Q348,+1997-01-01T00:00:00Z/9,Q2,Q672,
Q758,"Black Rodeo, 1972","Press book; ""Rodeo documentary, with guest appearances by Muhammad Ali and Woody Strode.""",Q379,+1972-01-01T00:00:00Z/9,Q2,Q672,"en:""Rodeo documentary, with guest appearances by Muhammad Ali and Woody Strode."""
Q762,"Black Shampoo, 1976",,Q382,+1976-01-01T00:00:00Z/9,Q2,Q672,"en:""Blaxploitation film starring John Daniels and Tanya Boyd."""
Q772,"Bronco Billy, 1980","Special promotional booklet; ""Synopses in English, Spanish, French, German and Italian.""",Q390,+1980-01-01T00:00:00Z/9,Q2,Q672,"en:""Synopses in English, Spanish, French, German and Italian."""
Q723,"Another 48 Hrs, 1990",Japanese promotional brochure; Starring Eddie Murphy.,Q354,+1990-01-01T00:00:00Z/9,Q2,Q672,
Q773,"Bronze Venus, 1943",,Q391,+1943-01-01T00:00:00Z/9,Q2,Q672,"en:""Reissue of 1938 film The Duke is Tops; Lena Horne's debut film and a very rare specimen of Black independent filmmaking."""
Q725,"Billy Jack, 1971",,Q362,+1971-01-01T00:00:00Z/9,Q2,Q672,
Q728,"Black Belt Jones, 1974",Press book; Starring Jim Kelly and Scatman Crothers.,Q366,+1974-01-01T00:00:00Z/9,Q2,Q672,
Q729,"Black Belt Jones, 1974",Promotional booklet done like a comic book,Q366,+1974-01-01T00:00:00Z/9,Q2,Q672,
Q730,"Black Caesar, 1973",Starring Fred Williamson.,Q367,+1973-01-01T00:00:00Z/9,Q2,Q672,
Q731,"Black Girl, 1972",Press book; Ossie Davis (director). Starring Leslie Uggams and Ruby Dee.,Q373,+1972-01-01T00:00:00Z/9,Q2,Q672,
Q732,"Aaron Loves Angela, 1975",poster; white snipe over rating bug,Q339,+1975-01-01T00:00:00Z/9,Q691,Q672,
Q733,"Action Jackson, 1988",poster,Q342,+1988-01-01T00:00:00Z/9,Q691,Q672,
Q734,"Adios Amigo, 1975",poster,Q343,+1975-01-01T00:00:00Z/9,Q691,Q672,
Q735,"Amazing Grace, 1974",poster,Q346,+1974-01-01T00:00:00Z/9,Q691,Q672,
Q736,"Anna's Sin, 1961",poster,Q353,+1961-01-01T00:00:00Z/9,Q691,Q672,
Q737,"Abby, 1974",poster,Q340,+1974-01-01T00:00:00Z/9,Q679,Q672,
Q738,"Baby Needs a New Pair of Shoes, 1974",poster,Q355,+1974-01-01T00:00:00Z/9,Q679,Q672,
Q739,"Bamboo Gods and Iron Men, 1974",poster,Q357,+1974-01-01T00:00:00Z/9,Q679,Q672,
Q740,"Bad Bunch, The, 1973",poster,Q356,+1973-01-01T00:00:00Z/9,Q679,Q672,
Q741,"Black Girl, 1972",poster,Q373,+1972-01-01T00:00:00Z/9,Q679,Q672,
Q742,"Across 110th Street, 1972",pressbook,Q341,+1972-01-01T00:00:00Z/9,Q677,Q672,
Q743,"Anna Lucasta, 1959",pressbook,Q352,+1959-01-01T00:00:00Z/9,Q677,Q672,
Q744,"Bamboo Gods and Iron Men, 1974",pressbook,Q357,+1974-01-01T00:00:00Z/9,Q677,Q672,
Q745,"Black Gestapo, 1973",lithograph print,Q372,+1973-01-01T00:00:00Z/9,Q677,Q672,
Q746,"Angela Davis l'enchainement, 1977",,Q350,+1977-01-01T00:00:00Z/9,Q711,Q672,
Q747,"Beverly Hills Cop II, 1987",poster,Q359,+1987-01-01T00:00:00Z/9,Q692,Q672,
Q748,"Big Score, The, 1983",poster,Q361,+1983-01-01T00:00:00Z/9,Q692,Q672,
Q749,"Bingo Long Traveling All-Stars, 1976",poster,Q363,+1976-01-01T00:00:00Z/9,Q692,Q672,
Q750,"Biscuit Eater, 1972",poster,Q365,+1972-01-01T00:00:00Z/9,Q692,Q672,
Q751,"Black Dragon vs. the Yellow Tiger, 1974",poster,Q368,+1974-01-01T00:00:00Z/9,Q692,Q672,
Q753,"Black Dragon's Revenge, 1975",poster; moderate handling,Q369,+1975-01-01T00:00:00Z/9,Q692,Q672,
Q754,"Black Eye, 1974",pressbook,Q370,+1974-01-01T00:00:00Z/9,Q677,Q672,
Q755,"Black Fist, 1975",poster,Q371,+1975-01-01T00:00:00Z/9,Q693,Q672,
Q756,"Black Mama, White Mama, 1972",Starring Pam Grier.,Q377,+1972-01-01T00:00:00Z/9,Q2,Q672,
Q757,"Black Moses of Soul, 1973",poster,Q378,+1973-01-01T00:00:00Z/9,Q680,Q672,
Q759,"Black Samson, 1974",poster,Q380,+1974-01-01T00:00:00Z/9,Q680,Q672,
Q760,"Black Samson, 1974",pressbook,Q380,+1974-01-01T00:00:00Z/9,Q677,Q672,
Q761,"Black Heat, 1976",pressbook,Q375,+1976-01-01T00:00:00Z/9,Q677,Q672,
Q763,"Black Shampoo, 1976",pressbook,Q382,+1976-01-01T00:00:00Z/9,Q677,Q672,
Q764,"Black Jack, 1973",poster,Q376,+1973-01-01T00:00:00Z/9,Q693,Q672,
Q765,"Blazing Stewardesses, 1974",,Q386,+1974-01-01T00:00:00Z/9,Q2,Q672,
Q766,"Body and Soul, 1981",poster; A style; small patch repair,Q387,+1981-01-01T00:00:00Z/9,Q694,Q672,
Q767,"Body and Soul, 1981",poster; B style; crunched corner,Q387,+1981-01-01T00:00:00Z/9,Q694,Q672,
Q768,"Book of Numbers, 1973",Starring Raymond St. Jacques.,Q388,+1973-01-01T00:00:00Z/9,Q2,Q672,
Q769,"Book of Numbers, 1973",poster,Q388,+1973-01-01T00:00:00Z/9,Q680,Q672,
Q770,"Black Samurai, 1976",pressbook,Q381,+1976-01-01T00:00:00Z/9,Q677,Q672,
Q771,"Black Samurai, 1977",poster,Q381,+1977-01-01T00:00:00Z/9,Q693,Q672,
Q774,"Black Street Fighter, 1975",poster; modest seam wear,Q383,+1975-01-01T00:00:00Z/9,Q693,Q672,
Q775,"Blacula, 1972",lobby card,Q384,+1972-01-01T00:00:00Z/9,Q677,Q672,
Q776,"Blacula, 1972",poster,Q384,+1972-01-01T00:00:00Z/9,Q693,Q672,
Q777,"Brubaker, 1980",British press book,Q395,+1980-01-01T00:00:00Z/9,Q2,Q672,
Q778,"Brubaker, 1980",Press book; Starring Yaphet Kotto.,Q395,+1980-01-01T00:00:00Z/9,Q2,Q672,
Q779,"Blast, 1976",poster,Q385,+1976-01-01T00:00:00Z/9,Q694,Q672,
Q780,"Buck and the Preacher, 1972",poster,Q396,+1972-01-01T00:00:00Z/9,Q680,Q672,
Q781,"Buck and the Preacher, 1972",pressbook,Q396,+1972-01-01T00:00:00Z/9,Q677,Q672,
Q782,"Bucktown, 1975",poster,Q397,+1975-01-01T00:00:00Z/9,Q680,Q672,
Q783,"Burn!, 1970",,Q399,+1970-01-01T00:00:00Z/9,Q2,Q672,"en:""Film directed by Gillo Pontecorvo about a slave revolt on a Caribbean island early in the 19th century."""
Q784,"Bright Road, 1953","pressbook, lobby card",Q389,+1953-01-01T00:00:00Z/9,Q677,Q672,
Q785,"Bright Road, 1953",press photographs,Q389,+1953-01-01T00:00:00Z/9,Q677,Q672,
Q786,"Can't Stop the Music, 1980",Campaign press book; Starring Alex Briley and Ray Simpson.,Q402,+1980-01-01T00:00:00Z/9,Q2,Q672,
Q787,"Brother John, 1971",pressbook,Q392,+1971-01-01T00:00:00Z/9,Q677,Q672,
Q788,"Brother John, 1971",poster,Q392,+1971-01-01T00:00:00Z/9,Q694,Q672,
Q789,"Carmen Jones, 1954","Danish theater program; ""Program is extensively illustrated.""",Q406,+1954-01-01T00:00:00Z/9,Q2,Q672,"en:""Program is extensively illustrated."""
Q790,"Carmen Jones, 1954","Lobby cards (2): ""Poster is in color and shows actor Harry Belafonte, standing, kissing the feet of actress Dorothy Dandridge, who is sitting on the edge of a table. Visible graphic dimensions: 10.75x13.75 inches.""",Q406,+1954-01-01T00:00:00Z/9,Q677,Q672,"en:""Poster is in color and shows actor Harry Belafonte, standing, kissing the feet of actress Dorothy Dandridge, who is sitting on the edge of a table. Visible graphic dimensions: 10.75x13.75 inches."""
Q791,"Celebration at Big Sur, 1971",Press book; Starring Dorothy Morrison and the Combs Sisters.,Q407,+1971-01-01T00:00:00Z/9,Q2,Q672,
Q792,"Brother Martin, Servant of Jesus, 1942",poster; All-black cast,Q393,+1942-01-01T00:00:00Z/9,Q694,Q672,
Q793,"Chain Gang Women, 1971",,Q408,+1971-01-01T00:00:00Z/9,Q2,Q672,
Q794,"Brothers, 1977",poster,Q394,+1977-01-01T00:00:00Z/9,Q695,Q672,
Q795,"Change of Mind, 1969",Ad supplement,Q409,+1969-01-01T00:00:00Z/9,Q2,Q672,
Q796,"Change of Mind, 1969","Starring Raymond St. Jacques. ""The brain of a white district attorney is transplanted into the body of a Black man.""",Q409,+1969-01-01T00:00:00Z/9,Q2,Q672,"en:""The brain of a white district attorney is transplanted into the body of a Black man."""
Q797,"Change of Mind, 1969",poster,Q409,+1969-01-01T00:00:00Z/9,Q681,Q672,
Q798,"Change of Mind, 1969",premiere program,Q409,+1969-01-01T00:00:00Z/9,Q677,Q672,
Q799,"Chase for the Golden Needles, 1974",Campaign manual; Starring Jim Kelly.,Q411,+1974-01-01T00:00:00Z/9,Q2,Q672,
Q800,"Checkerboard, 1959","Exhibitor's manual; ""American release of the French film Les Tripes Au Soleil, a film whose setting is unclear (it seems to be a French film set in the Old West), with the cast equally divided between Black and white actors.""",Q412,+1959-01-01T00:00:00Z/9,Q2,Q672,"en:""American release of the French film Les Tripes Au Soleil, a film whose setting is unclear (it seems to be a French film set in the Old West), with the cast equally divided between Black and white actors."""
Q801,"Claudine, 1974",Press book; Starring James Earl Jones and Diahann Carroll.,Q414,+1974-01-01T00:00:00Z/9,Q2,Q672,
Q802,"Claudine, 1974",poster,Q414,+1974-01-01T00:00:00Z/9,Q681,Q672,
Q803,"Claudine, 1974",,Q414,+1974-01-01T00:00:00Z/9,Q711,Q672,
Q804,"Bull-Dogger, The, 1921",,Q398,+1921-01-01T00:00:00Z/9,Q2,Q672,"en:""Advertising flyer for four Norman Film Manufacturing Company Black-cast films suggested as a quadruple bill: The Love Bug ( 1919), The Crimson Skull ( 1921), The Green-Eyed Monster ( 1919) and The Bull-Dogger ( 1921)."""
Q805,"Clay Pigeon, 1971",Exhibitor's campaign book; Starring Ivan Dixon.,Q415,+1971-01-01T00:00:00Z/9,Q2,Q672,
Q806,"Cleopatra Jones and the Casino of Gold, 1975",Press book; Starring Tamara Dobson.,Q416,+1975-01-01T00:00:00Z/9,Q2,Q672,
Q807,"Bus is Coming, The, 1971",Starring Mike Sims.,Q400,+1971-01-01T00:00:00Z/9,Q2,Q672,
Q808,"Bus is Coming, The, 1971",poster,Q400,+1971-01-01T00:00:00Z/9,Q681,Q672,
Q809,"Cleopatra Jones, 1973",Press book; Starring Tamara Dobson.,Q417,+1973-01-01T00:00:00Z/9,Q2,Q672,
Q810,"Cleopatra Jones, 1973",premier program,Q417,+1973-01-01T00:00:00Z/9,Q677,Q672,
Q811,"Cleopatra Jones, 1973",poster; B style,Q417,+1973-01-01T00:00:00Z/9,Q696,Q672,
Q812,"Coffy, 1973",Starring Pam Grier.,Q418,+1973-01-01T00:00:00Z/9,Q2,Q672,
Q813,"Candy Tangerine Man, 1975",poster,Q401,+1975-01-01T00:00:00Z/9,Q695,Q672,
Q814,"Come Back, Charleston Blue, 1972","Press book; Starring Godfrey Cambridge and Raymond St. Jacques. ""This is a sequel to Cotton Comes to Harlem, adapted, like its precursor, from Chester Himes.""",Q420,+1972-01-01T00:00:00Z/9,Q2,Q672,"en:""This is a sequel to Cotton Comes to Harlem, adapted, like its precursor, from Chester Himes."""
Q815,"Come Back Charleston Blue, 1972",poster; white snipe over rating,Q420,+1972-01-01T00:00:00Z/9,Q696,Q672,
Q816,"Car Wash, 1976",pressbook,Q403,+1976-01-01T00:00:00Z/9,Q678,Q672,
Q817,"Carbon Copy, 1981",pressbook,Q404,+1981-01-01T00:00:00Z/9,Q677,Q672,
Q818,"Carbon Copy, 1981",poster,Q404,+1981-01-01T00:00:00Z/9,Q695,Q672,
Q819,"Cool Breeze, 1972",Press book; Starring Pam Grier and Thalmus Rasulala.,Q423,+1972-01-01T00:00:00Z/9,Q2,Q672,
Q820,"Cool Breeze, 1972",poster,Q423,+1972-01-01T00:00:00Z/9,Q681,Q672,
Q821,"Cardinal, The, 1963",,Q405,+1963-01-01T00:00:00Z/9,Q2,Q672,"en:""Ossie Davis portrays a Southern Roman Catholic priest whose church has been burned by the KKK."""
Q822,"The Cool World, circa 1963",Pressbook; directed by Shirley Clarke.,Q424,+1963-01-01T00:00:00Z/9,Q678,Q672,
Q823,"Cooley High, 1975",poster; B style,Q425,+1975-01-01T00:00:00Z/9,Q697,Q672,
Q824,"Cotton Club, 1984",Japanese promotional brochure; Starring Gregory Hines.,Q428,+1984-01-01T00:00:00Z/9,Q2,Q672,
Q825,"Countdown at Kusini, 1976",poster,Q430,+1976-01-01T00:00:00Z/9,Q681,Q672,
Q826,"Countdown at Kusini, 1976",poster; credit correction; snipe glue to bottom,Q430,+1976-01-01T00:00:00Z/9,Q697,Q672,
Q827,"Countdown at Kusini, 1976",pressbook,Q430,+1976-01-01T00:00:00Z/9,Q677,Q672,
Q1192,"Crimson Skull, 1921",,Q431,+1921-01-01T00:00:00Z/9,Q2,Q672,"From the Norman Film Manufacturing Company: Baffling Western Mystery Photo-Play. Supported by Bill Pickett, World's Champion Wild West Performer, the one-legged Marvel, Steve Reynolds, and 30 Colored Cowboys. Produced in the All-Colored City of Boley, Okla. An Epic of Wild Life and Smoking Revolvers. All-Colored Cast. Contains an article by star Anita Bush, Introduction of Negro Drama in New York."
Q829,"Crimson Skull, 1921",,Q431,+1921-01-01T00:00:00Z/9,Q2,Q672,"en:""Advertising flyer for four Norman Film Manufacturing Company Black-cast films suggested as a quadruple bill: The Love Bug ( 1919), The Crimson Skull ( 1921), The Green-Eyed Monster ( 1919) and The Bull-Dogger ( 1921)."""
Q830,"Dark of the Sun, 1968",Starring Jim Brown.,Q432,+1968-01-01T00:00:00Z/9,Q674,Q672,
Q831,"Charley One-Eye, 1973",poster,Q410,+1973-01-01T00:00:00Z/9,Q695,Q672,
Q832,"Charley-One-Eye, 1972","Press book; ""Richard Roundtree in a Blaxploitation western.""",Q410,+1972-01-01T00:00:00Z/9,Q2,Q672,"en:""Richard Roundtree in a Blaxploitation western."""
Q833,"Death Journey, 1976",poster,Q433,+1976-01-01T00:00:00Z/9,Q682,Q672,
Q1185,"Clara's Heart, 1988",poster; extra fold,Q413,+1988-01-01T00:00:00Z/9,Q695,Q672,
Q835,"Demolition Man, 1993",Japanese promotional booklet; Starring Wesley Snipes.,Q437,+1993-01-01T00:00:00Z/9,Q674,Q672,
Q836,"Diamonds, 1975",Ad supplement,Q441,+1975-01-01T00:00:00Z/9,Q674,Q672,
Q837,"Die Hard with a Vengeance, 1995",Japanese promotional booklet; Starring Samuel L. Jackson.,Q442,+1995-01-01T00:00:00Z/9,Q674,Q672,
Q838,"Color Purple, 1985",pressbook,Q419,+1985-01-01T00:00:00Z/9,Q677,Q672,
Q839,"Color Purple, The, 1985",poster; A style,Q419,+1985-01-01T00:00:00Z/9,Q696,Q672,
Q840,"Color Purple, The, 1985",poster; B style,Q419,+1985-01-01T00:00:00Z/9,Q696,Q672,
Q841,"Color Purple, 1985",Exhibitor's campaign book (British press book);,Q419,+1985-01-01T00:00:00Z/9,Q2,Q672,
Q842,"Drum, 1976",British press book,Q447,+1976-01-01T00:00:00Z/9,Q674,Q672,
Q843,"Duel at Diablo, 1966",Press book; Starring Sidney Poitier.,Q448,+1966-01-01T00:00:00Z/9,Q674,Q672,
Q844,"Duel at Diablo, 1966",Advertising supplement,Q448,+1966-01-01T00:00:00Z/9,Q674,Q672,
Q845,"Earthquake, 1974",Press book; Starring Richard Roundtree.,Q449,+1974-01-01T00:00:00Z/9,Q674,Q672,
Q846,"Edge of the City, 1957",Press book; Starring Sidney Poitier and Ruby Dee.,Q451,+1957-01-01T00:00:00Z/9,Q674,Q672,
Q847,"Education of Sonny Carson, 1974",poster,Q452,+1974-01-01T00:00:00Z/9,Q682,Q672,
Q848,"Education of Sonny Carson, 1974",pressbook,Q452,+1974-01-01T00:00:00Z/9,Q677,Q672,
Q849,"Come on, Cowboy, 1948",poster; All-black cast,Q421,+1948-01-01T00:00:00Z/9,Q696,Q672,
Q850,"Emma Mae, 1976",poster,Q453,+1976-01-01T00:00:00Z/9,Q682,Q672,
Q851,"Condor, El, 1970",Starring Jim Brown.,Q422,+1970-01-01T00:00:00Z/9,Q2,Q672,
Q852,"Evil in the Deep, 1976",Starring Rosey Greer.,Q454,+1976-01-01T00:00:00Z/9,Q674,Q672,
Q853,"Coonskin, 1974",pressbook,Q426,+1974-01-01T00:00:00Z/9,Q677,Q672,
Q854,"Coonskin, 1975",poster,Q426,+1975-01-01T00:00:00Z/9,Q697,Q672,
Q855,"Five on the Black Hand Side, 1973","Press book; Starring Ja'net DuBois, Virginia Capers, and Sonny Jim Gaines.",Q459,+1973-01-01T00:00:00Z/9,Q674,Q672,
Q856,"Five on the Black Hand Side, 1973",poster,Q459,+1973-01-01T00:00:00Z/9,Q682,Q672,
Q857,"Cornbread, Earl and Me, 1975",pressbook,Q427,+1975-01-01T00:00:00Z/9,Q677,Q672,
Q858,"For Love of Ivy, 1968","Press book; ""Sidney Poitier starred in this film; screenplay from an original story by Poitier.""",Q461,+1968-01-01T00:00:00Z/9,Q674,Q672,"en:""Sidney Poitier starred in this film; screenplay from an original story by Poitier."""
Q859,"Cotton Comes to Harlem, 1970",pressbook,Q429,+1970-01-01T00:00:00Z/9,Q677,Q672,
Q860,"Foxy Brown, 1974",Starring Pam Grier.,Q465,+1974-01-01T00:00:00Z/9,Q674,Q672,
Q861,"Foxy Brown, 1974",sell sheets,Q465,+1974-01-01T00:00:00Z/9,Q677,Q672,
Q862,"From Nashville with Music, 1969",,Q467,+1969-01-01T00:00:00Z/9,Q674,Q672,"en:""Country and western musical film, racially integrated by the presence of singer Charley Pride."""
Q863,"Georgia, Georgia, 1972",Press book; Starring Diane Sands. Script by Maya Angelou.,Q468,+1972-01-01T00:00:00Z/9,Q674,Q672,
Q864,"Georgia Georgia, 1972",poster,Q468,+1972-01-01T00:00:00Z/9,Q682,Q672,
Q865,"Ghostbusters II, 1989",British press book; Starring Ernie Hudson.,Q470,+1989-01-01T00:00:00Z/9,Q674,Q672,
Q866,"Decks Ran Red, The, 1958",Press book; Starring Dorothy Dandridge.,Q434,+1958-01-01T00:00:00Z/9,Q674,Q672,
Q867,"Glory, 1989","Promotional book; Starring Denzel Washington, Morgan Freeman, and Andre Braugher. ""Sumptuously illustrated book on the film, printed in a small edition for circulation to major theater chains.""",Q471,+1989-01-01T00:00:00Z/9,Q674,Q672,"en:""Sumptuously illustrated book on the film, printed in a small edition for circulation to major theater chains."""
Q868,"Glory, 1989","Broadsides; ""Four broadsides used in the movie. Includes: ""Proclamation... April 10, 1863"" (2 copies); ""The Enemy is Approaching;"" and ""Regulations for Camp Readville.""""",Q471,+1989-01-01T00:00:00Z/9,Q674,Q672,"en:""Four broadsides used in the movie. Includes: ""Proclamation... April 10, 1863"" (2 copies); ""The Enemy is Approaching;"" and ""Regulations for Camp Readville."""""
Q869,"Defiant Ones, The, 1958",Press book; Starring Sidney Poitier.,Q435,+1958-01-01T00:00:00Z/9,Q674,Q672,
Q870,"God's Step Children, 1938","Lobby card; ""Directed by Oscar Micheaux. From the story Naomi, Negress. Poster, circa 1938, is in color and shows a seated man on left, bending over a distressed woman lying sick in bed. Visible graphic dimensions: 10.75x13.75 inches.""",Q472,+1938-01-01T00:00:00Z/9,Q677,Q672,"en:""Directed by Oscar Micheaux. From the story Naomi, Negress. Poster, circa 1938, is in color and shows a seated man on left, bending over a distressed woman lying sick in bed. Visible graphic dimensions: 10.75x13.75 inches."""
Q871,"Deliver Us from Evil, 1975",poster,Q436,+1975-01-01T00:00:00Z/9,Q697,Q672,
Q872,"Going to Glory. . . Come to Jesus, 1946","Lobby cards and bag; ""Eight lobby cards used to advertise the movie in theater lobbies, along with the paper bag for the cards.""",Q473,+1946-01-01T00:00:00Z/9,Q674,Q672,"en:""Eight lobby cards used to advertise the movie in theater lobbies, along with the paper bag for the cards."""
Q873,"Detective, The, 1968","Starring Al Freeman, Jr.",Q438,+1968-01-01T00:00:00Z/9,Q674,Q672,
Q874,"Detective, The, 1968",British press book,Q438,+1968-01-01T00:00:00Z/9,Q674,Q672,
Q875,"Gone with the Wind, 1939",Reissued 1967; Starring Hattie McDaniel.,Q475,+1939-01-01T00:00:00Z/9,Q674,Q672,
Q876,"Gone with the Wind [The Story of], 1939",Reissued 1967; Starring Hattie McDaniel.,Q475,+1939-01-01T00:00:00Z/9,Q674,Q672,
Q1193,"Gordon's War, 1973",Press book; Starring Paul Winfield. ,Q476,+1973-01-01T00:00:00Z/9,Q674,Q672,"Bogle, p. 96: [Winfield] portrays a Vietnam veteran returning home to New York to a dead wife, the victim of a drug overdose. Enlisting the aid of three other Viet vets, he becomes a vigilante, determined to rub out the dope dealers."
Q878,"Gordon's War, 1973",Promotional brochure,Q476,+1973-01-01T00:00:00Z/9,Q674,Q672,
Q879,"Gordon's War, 1973",poster,Q476,+1973-01-01T00:00:00Z/9,Q683,Q672,
Q880,"Detroit 9000, 1973",pressbook,Q439,+1973-01-01T00:00:00Z/9,Q677,Q672,
Q881,"Detroit 9000, 1973",poster,Q439,+1973-01-01T00:00:00Z/9,Q697,Q672,
Q882,"Grand Canyon, 1991",British press book; Starring Danny Glover.,Q477,+1991-01-01T00:00:00Z/9,Q674,Q672,
Q883,"Devil and Max Devlin, The, 1981",Ad pad,Q440,+1981-01-01T00:00:00Z/9,Q674,Q672,
Q884,"Disco Godfather, 1979",poster,Q443,+1979-01-01T00:00:00Z/9,Q698,Q672,
Q885,"Guess Who's Coming to Dinner, 1969","1969 reissue of 1967 film on double-bill with 1966 film To Sir, With Love; Starring Sidney Poitier.",Q482,+1969-01-01T00:00:00Z/9,Q674,Q672,
Q886,"Guess Who's Coming to Dinner, 1967",pressbook,Q482,+1967-01-01T00:00:00Z/9,Q677,Q672,
Q887,"Guess Who's Coming to Dinner?, 1967","poster; patch repair, stains in border",Q482,+1967-01-01T00:00:00Z/9,Q699,Q672,
Q888,"Do the Right Thing, 1989",poster,Q444,+1989-01-01T00:00:00Z/9,Q698,Q672,
Q889,"Double Possession (a.k.a. Ganja & Hess), 1973",pressbook,Q445,+1973-01-01T00:00:00Z/9,Q677,Q672,
Q890,"Halls of Anger, 1970",Starring Calvin Lockhart.,Q484,+1970-01-01T00:00:00Z/9,Q674,Q672,
Q891,"Halls of Anger, 1970",poster,Q484,+1970-01-01T00:00:00Z/9,Q683,Q672,
Q892,"Dr. Black Mr. Hyde, 1976",poster,Q446,+1976-01-01T00:00:00Z/9,Q698,Q672,
Q893,"Hammer, 1972",Starring Fred Williamson.,Q485,+1972-01-01T00:00:00Z/9,Q674,Q672,
Q894,"Hangup, 1974",poster,Q486,+1974-01-01T00:00:00Z/9,Q683,Q672,
Q895,"Hickey & Boggs, 1972",,Q489,+1972-01-01T00:00:00Z/9,Q674,Q672,"en:""Detective film, starred Bill Cosby with his costar from the I Spy television series of the 1960s, Robert Culp."""
Q896,"Ebony Ivory & Jade, 1976",,Q450,+1976-01-01T00:00:00Z/9,Q674,Q672,"en:""Action film with female stars, one African-American, one Caucasian, and one Asian."""
Q897,"Hit Man, 1972",Press book; Starring Bernie Casey.,Q490,+1972-01-01T00:00:00Z/9,Q674,Q672,
Q898,"Hit Man, 1973",poster,Q490,+1973-01-01T00:00:00Z/9,Q700,Q672,
Q899,"Hit!, 1973",Press book and merchandising manual; Starring Billie Dee Williams and Richard Pryor.,Q491,+1973-01-01T00:00:00Z/9,Q674,Q672,
Q900,"Honky, 1971",Starring Brenda Sykes.,Q493,+1971-01-01T00:00:00Z/9,Q674,Q672,
Q901,"Honky, 1971",pressbook,Q493,+1971-01-01T00:00:00Z/9,Q677,Q672,
Q902,"Hurry Sundown, 1967",Press book ad supplement;,Q495,+1967-01-01T00:00:00Z/9,Q674,Q672,
Q903,"Hurry Sundown, 1967",poster,Q495,+1967-01-01T00:00:00Z/9,Q700,Q672,
Q904,"Fatal Beauty, 1987",poster,Q455,+1987-01-01T00:00:00Z/9,Q698,Q672,
Q905,"I Crossed the Color Line, 1966",Starring Max Julien.,Q496,+1966-01-01T00:00:00Z/9,Q674,Q672,
Q906,"Fight Never Ends, The, 1948",press photographs,Q456,+1948-01-01T00:00:00Z/9,Q677,Q672,
Q907,"I Escaped from Devil's Island, 1973",poster,Q497,+1973-01-01T00:00:00Z/9,Q684,Q672,
Q1187,"I Escaped from Devil's Island, 1973",poster 2,Q497,+1973-01-01T00:00:00Z/9,Q700,Q672,
Q909,"I Escaped From Devil's Island, 1973",Press book; Starring Jim Brown.,Q497,+1973-01-01T00:00:00Z/9,Q674,Q672,
Q910,"Fighting Mad, 1978",poster,Q457,+1978-01-01T00:00:00Z/9,Q698,Q672,
Q911,"Final Comedown, The, 1972",Starring Billy Dee Williams.,Q458,+1972-01-01T00:00:00Z/9,Q674,Q672,
Q912,"In the Heat of the Night, 1967",Danish illustrated theater program,Q500,+1967-01-01T00:00:00Z/9,Q674,Q672,
Q913,"In the Heat of the Night, 1967","Special ad supplement; ""Issued in conjunction with the film's winning two Oscars.""",Q500,+1967-01-01T00:00:00Z/9,Q674,Q672,"en:""Issued in conjunction with the film's winning two Oscars."""
Q914,"Flying Ace, The, 1926",,Q460,+1926-01-01T00:00:00Z/9,Q674,Q672,"en:""A Black-cast aviation drama from the Norman Film Manufacturing Company."""
Q915,"Introducing Dorothy Dandridge, 1999",Starring Halle Berry.,Q502,+1999-01-01T00:00:00Z/9,Q674,Q672,
Q916,"J. D.'s Revenge, 1976",poster,Q503,+1976-01-01T00:00:00Z/9,Q684,Q672,
Q917,"J. D.'s Revenge, 1976",pressbook,Q503,+1976-01-01T00:00:00Z/9,Q677,Q672,
Q918,"Force Four, 1975",poster; wear at folds,Q462,+1975-01-01T00:00:00Z/9,Q699,Q672,
Q919,"Fort Apache, The Bronx, 1981",British press book; Starring Pam Grier.,Q463,+1981-01-01T00:00:00Z/9,Q674,Q672,
Q920,"Foxtrap, 1986",poster,Q464,+1986-01-01T00:00:00Z/9,Q699,Q672,
Q921,"Kenner, 1969",Press book; Starring Jim Brown.,Q507,+1969-01-01T00:00:00Z/9,Q674,Q672,
Q922,"Kenner, 1968",,Q507,+1968-01-01T00:00:00Z/9,Q711,Q672,
Q923,"Kill Squad, 1981",,Q508,+1981-01-01T00:00:00Z/9,Q674,Q672,
Q924,"Friday Foster, 1976",pressbook,Q466,+1976-01-01T00:00:00Z/9,Q677,Q672,
Q925,"Friday Foster, 1976",poster; NSS stamp on bottom border,Q466,+1976-01-01T00:00:00Z/9,Q699,Q672,
Q926,"Lady Cocoa, 1975",poster,Q511,+1975-01-01T00:00:00Z/9,Q684,Q672,
Q927,"Lady Sings the Blues, 1972","Starring Diana Ross, Billy Dee Williams, and Richard Pryor.",Q512,+1972-01-01T00:00:00Z/9,Q675,Q672,
Q928,"Lady Sings the Blues, 1972",Advertising,Q512,+1972-01-01T00:00:00Z/9,Q675,Q672,
Q929,"Lady Sings the Blues, 1972",Press book ad supplement,Q512,+1972-01-01T00:00:00Z/9,Q675,Q672,
Q930,"Get Rollin', 1980",poster,Q469,+1980-01-01T00:00:00Z/9,Q699,Q672,
Q931,"Last of the Mobile Hot-Shots, 1969","Press book; ""Robert Hooks in a Tennesse Williams adaptation of The Seven Descents of Myrtle.""",Q515,+1969-01-01T00:00:00Z/9,Q675,Q672,"en:""Robert Hooks in a Tennesse Williams adaptation of The Seven Descents of Myrtle."""
Q932,"Leadbelly, 1976",poster,Q516,+1976-01-01T00:00:00Z/9,Q684,Q672,
Q933,"Let No Man Write My Epitaph, 1960",,Q519,+1960-01-01T00:00:00Z/9,Q675,Q672,"en:""Ella Fitzgerald's first dramatic role, that of a nightclub singer in a Skid Row bar."""
Q934,"Gone Are the Days, 1963",pressbook,Q474,+1963-01-01T00:00:00Z/9,Q677,Q672,
Q1194,"Lifeboat, 1944",Danish souvenir program,Q523,+1944-01-01T00:00:00Z/9,Q675,Q672,"en:""All original materials from Lifeboat are extremely uncommon. Canada Lee co-starred in this Hitchcock film from a script by John Steinbeck. Lee's performance is often cited by historians as an early case of a Black actor playing a non-stereotypical role in a major Hollywood film."""
Q936,"Lilies of the Field, 1963",Danish illustrated theater program,Q524,+1963-01-01T00:00:00Z/9,Q675,Q672,
Q937,"Lilies of the Field, 1963",Press book; Starring Sidney Poitier.,Q524,+1963-01-01T00:00:00Z/9,Q675,Q672,
Q938,"Lilies of the Field, 1963",poster,Q524,+1963-01-01T00:00:00Z/9,Q703,Q672,
Q939,"Grasshopper, The, 1970",Advertising supplement,Q478,+1970-01-01T00:00:00Z/9,Q674,Q672,
Q940,"Grasshopper, The, 1970",,Q478,+1970-01-01T00:00:00Z/9,Q674,Q672,
Q941,"Lord Shango, 1975",poster,Q527,+1975-01-01T00:00:00Z/9,Q685,Q672,
Q942,"Lost in the Stars, 1974",poster,Q528,+1974-01-01T00:00:00Z/9,Q685,Q672,
Q943,"Great White Hope, The, 1970",Press book; Starring James Earl Jones.,Q479,+1970-01-01T00:00:00Z/9,Q674,Q672,
Q944,"Great White Hope, The, 1970",poster,Q479,+1970-01-01T00:00:00Z/9,Q683,Q672,
Q945,"Greatest, The, 1977",pressbook,Q480,+1977-01-01T00:00:00Z/9,Q677,Q672,
Q946,"Green-Eyed Monster, The, 1919",,Q481,+1919-01-01T00:00:00Z/9,Q674,Q672,"en:""Advertising flyer for four Norman Film Manufacturing Company Black-cast films suggested as a quadruple bill: The Love Bug ( 1919), The Crimson Skull ( 1921), The Green-Eyed Monster ( 1919) and The Bull-Dogger ( 1921)."""
Q947,"Mahogany, 1975",poster,Q533,+1975-01-01T00:00:00Z/9,Q685,Q672,
Q948,"Malaga, 1962","Press book; Starring Dorothy Dandridge,",Q534,+1962-01-01T00:00:00Z/9,Q675,Q672,
Q949,"Malcolm X, 1972","Press book; ""Feature-length documentary about the life of Malcolm X, given a very limited release by Warner Brothers, all materials from this film are extremely hard to find.""",Q535,+1972-01-01T00:00:00Z/9,Q675,Q672,"en:""Feature-length documentary about the life of Malcolm X, given a very limited release by Warner Brothers, all materials from this film are extremely hard to find."""
Q950,"Malcolm X, 1992","Promotional book; ""Directed by Spike Lee. Deluxe special illustrated promotional book on the film, printed in small edition, profusely and richly illustrated.""",Q535,+1992-01-01T00:00:00Z/9,Q675,Q672,"en:""Directed by Spike Lee. Deluxe special illustrated promotional book on the film, printed in small edition, profusely and richly illustrated."""
Q951,"Malcolm X, 1972",poster,Q535,+1972-01-01T00:00:00Z/9,Q703,Q672,
Q954,"Guy from Harlem, The, 1977",poster,Q483,+1977-01-01T00:00:00Z/9,Q700,Q672,
Q955,"Man and Boy, 1971",poster; A style,Q537,+1971-01-01T00:00:00Z/9,Q703,Q672,
Q956,"Man and Boy, 1971",poster; B style,Q537,+1971-01-01T00:00:00Z/9,Q703,Q672,
Q957,"Man Friday, 1975","Ad Supplement; ""With special promotion for Black audiences.""",Q538,+1975-01-01T00:00:00Z/9,Q675,Q672,"en:""With special promotion for Black audiences."""
Q958,"Mandingo, 1975",Starring Ken Norton and Brenda Sykes.,Q540,+1975-01-01T00:00:00Z/9,Q675,Q672,
Q959,"Heart is a Lonely Hunter, The, 1968","Pressbook; ""Cicely Tyson in a Carson McCullers adaptation.""",Q487,+1968-01-01T00:00:00Z/9,Q674,Q672,"en:""Cicely Tyson in a Carson McCullers adaptation."""
Q960,"Heart is a Lonely Hunter, The, 1968",Special promotional flyer,Q487,+1968-01-01T00:00:00Z/9,Q674,Q672,
Q961,"Marked For Death, 1990",Starring Basil Wallace.,Q542,+1990-01-01T00:00:00Z/9,Q675,Q672,
Q962,"Hero Ain't Nothin' But a Sandwich, A, 1978",poster,Q488,+1978-01-01T00:00:00Z/9,Q683,Q672,
Q963,"Mean Mother, 1973",Starring Clifton Brown.,Q545,+1973-01-01T00:00:00Z/9,Q675,Q672,
Q964,"Melinda, 1972",poster,Q546,+1972-01-01T00:00:00Z/9,Q686,Q672,
Q965,"Men in Black, 1997",Japanese promotional brochure; Starring Will Smith.,Q547,+1997-01-01T00:00:00Z/9,Q675,Q672,
Q966,"Home of the Brave, 1949",pressbook,Q492,+1949-01-01T00:00:00Z/9,Q677,Q672,
Q967,"Mission Impossible, 1996",Screening program; Starring Ving Rhames.,Q548,+1996-01-01T00:00:00Z/9,Q675,Q672,
Q968,"Hurricane Smith, 1992",poster,Q494,+1992-01-01T00:00:00Z/9,Q700,Q672,
Q969,"Naked Gun 2 1/2, 1991",British press book; Starring O.J. Simpson.,Q552,+1991-01-01T00:00:00Z/9,Q675,Q672,
Q970,"New Jack City, 1991",Japanese promotional brochure; Starring Wesley Snipes.,Q554,+1991-01-01T00:00:00Z/9,Q675,Q672,
Q971,"I'm Gonna Get You, Sucka, 1988",poster,Q498,+1988-01-01T00:00:00Z/9,Q701,Q672,
Q972,"If He Hollers Let Him Go, 1968",poster,Q499,+1968-01-01T00:00:00Z/9,Q701,Q672,
Q973,"If He Hollers Let Him Go!, 1968",pressbook,Q499,+1968-01-01T00:00:00Z/9,Q677,Q672,
Q974,"One More Time, 1970","Press book; Starring Sammy Davis, Jr.",Q561,+1970-01-01T00:00:00Z/9,Q675,Q672,
Q975,"Incident, The, 1967",Press book; Starring Ruby Dee and Brock Peters.,Q501,+1967-01-01T00:00:00Z/9,Q674,Q672,
Q976,"Paris Blues, 1961",Press book; Starring Sidney Poitier and Diahann Carroll.,Q563,+1961-01-01T00:00:00Z/9,Q675,Q672,
Q977,"Jimmy the Kid, 1982",poster,Q504,+1982-01-01T00:00:00Z/9,Q701,Q672,
Q978,"Jive Turkey, 1976",pressbook,Q505,+1976-01-01T00:00:00Z/9,Q677,Q672,
Q979,"Jumpin' Jack Flash, 1986",poster,Q506,+1986-01-01T00:00:00Z/9,Q701,Q672,
Q980,"Police Academy, 1984",British press book; Strring Michael Winslow and Bubba Smith.,Q569,+1984-01-01T00:00:00Z/9,Q675,Q672,
Q981,"Pressure Point, 1962",Press book; Starring Sidney Poitier.,Q570,+1962-01-01T00:00:00Z/9,Q675,Q672,
Q982,"Pressure Point, 1962",,Q570,+1962-01-01T00:00:00Z/9,Q711,Q672,
Q983,"Quadroon, 1972",,Q571,+1972-01-01T00:00:00Z/9,Q675,Q672,
Q984,"Quadroon, 1972",Promotional flyer,Q571,+1972-01-01T00:00:00Z/9,Q675,Q672,
Q985,"Rainbow Bridge, 1972",Press book; Starring Jimi Hendrix.,Q572,+1972-01-01T00:00:00Z/9,Q675,Q672,
Q986,"Klansman, The, 1974",Advertising booklet,Q509,+1974-01-01T00:00:00Z/9,Q674,Q672,
Q987,"Klansman, The, 1974",Supplementary advertising sheets,Q509,+1974-01-01T00:00:00Z/9,Q674,Q672,
Q988,"Klansman, The, 1974",poster; A style; moderate wear,Q509,+1974-01-01T00:00:00Z/9,Q701,Q672,
Q1195,"Regeneration, 1923",,Q574,+1923-01-01T00:00:00Z/9,Q675,Q672,"en:""Romance in Southern Seas featuring Stella Mayo, Sensational Colored Screen Beauty. All-Colored Cast, contains a detailed list of proposed upcoming production and text emphasizing that Norman is the only Company making Colored Pictures that owns and operates its own studio and laboratory."""
Q990,"Return of Mandy's Husband, 1948","Lobby cards (6); ""Group of six half-tone lobby cards. 11x14 inches; some small stains here and there. Florida: Toddy Films, 1948. One of a series of Toddy Films' comedies featuring Mantan Moreland.""",Q575,+1948-01-01T00:00:00Z/9,Q677,Q672,"en:""Group of six half-tone lobby cards. 11x14 inches; some small stains here and there. Florida: Toddy Films, 1948. One of a series of Toddy Films' comedies featuring Mantan Moreland."""
Q991,"Krush Groove, 1985",poster,Q510,+1985-01-01T00:00:00Z/9,Q702,Q672,
Q992,"Landlord, The, 1970","Screenplay by William Gunn. Starring Pearl Bailey, Diana Sands, and Louis Gossett Jr.",Q513,+1970-01-01T00:00:00Z/9,Q675,Q672,
Q993,"Last Dragon, The, 1985",poster,Q514,+1985-01-01T00:00:00Z/9,Q702,Q672,
Q994,"Leaning Tree, The, 1970",poster,Q517,+1970-01-01T00:00:00Z/9,Q684,Q672,
Q995,"Learning Tree, 1969",,Q517,+1969-01-01T00:00:00Z/9,Q711,Q672,
Q996,"Learning Tree, The, 1969",Press book; Director and producer: Gordon Parks.,Q517,+1969-01-01T00:00:00Z/9,Q675,Q672,
Q997,"Learning Tree, The, 1969",Promotional flyer,Q517,+1969-01-01T00:00:00Z/9,Q675,Q672,
Q998,"Legend of N*gger Charley, 1972",poster,Q518,+1972-01-01T00:00:00Z/9,Q702,Q672,
Q999,"Legend of Nigger Charley, 1972",pressbook,Q518,+1972-01-01T00:00:00Z/9,Q677,Q672,
Q1000,"Let's Do It Again, 1975",poster,Q520,+1975-01-01T00:00:00Z/9,Q702,Q672,
Q1001,"Lialeh, 1974",poster,Q521,+1974-01-01T00:00:00Z/9,Q702,Q672,
Q1002,"Liberation of L. B. Jones, 1970",poster,Q522,+1970-01-01T00:00:00Z/9,Q703,Q672,
Q1003,"Liberation of L.B. Jones, The, 1970",Press book insert,Q522,+1970-01-01T00:00:00Z/9,Q675,Q672,
Q1004,"Liberation of L.B. Jones, The, 1970","Press book insert; ""This press book insert was especially prepared for placement in Negro newspapers.""",Q522,+1970-01-01T00:00:00Z/9,Q675,Q672,"en:""This press book insert was especially prepared for placement in Negro newspapers."""
Q1005,"Liberation of L.B. Jones, The, 1970",Press book; Starring Yaphet Kotto.,Q522,+1970-01-01T00:00:00Z/9,Q675,Q672,
Q1006,"Long Night, The, 1976",poster,Q525,+1976-01-01T00:00:00Z/9,Q685,Q672,
Q1007,"Long Ships, The, 1963",Starring Sidney Poitier.,Q526,+1963-01-01T00:00:00Z/9,Q675,Q672,
Q1008,"Lost Man, The, 1969",Starring Sidney Poitier.,Q529,+1969-01-01T00:00:00Z/9,Q675,Q672,
Q1009,"Lost Man, The, 1969",Advertising supplement,Q529,+1969-01-01T00:00:00Z/9,Q675,Q672,
Q1010,"Love Bug, The, 1919","Advertising flyer; ""Advertising flyer for four Norman Film Manufacturing Company Black-cast films suggested as a quadruple bill: The Love Bug ( 1919), The Crimson Skull ( 1921), The Green-Eyed Monster ( 1919) and The Bull-Dogger ( 1921).""",Q530,+1919-01-01T00:00:00Z/9,Q675,Q672,"en:""Advertising flyer for four Norman Film Manufacturing Company Black-cast films suggested as a quadruple bill: The Love Bug ( 1919), The Crimson Skull ( 1921), The Green-Eyed Monster ( 1919) and The Bull-Dogger ( 1921)."""
Q1011,"L-Shaped Room, The, 1962",Press book insert,Q531,+1962-01-01T00:00:00Z/9,Q675,Q672,
Q1012,"L-Shaped Room, The, 1962",Press book; Starring Brock Peters.,Q531,+1962-01-01T00:00:00Z/9,Q675,Q672,
Q1190,"L-Shaped Room, The, 1962",Press book insert 2,Q531,+1962-01-01T00:00:00Z/9,Q675,Q672,
Q1014,"Mack, The, 1977",1977 reissue of 1973 film; Starring Richard Pryor.,Q532,+1977-01-01T00:00:00Z/9,Q675,Q672,
Q1015,"Man, The, 1972","Press book; Starring James Earl Jones. ""The first Black President of the United States. First they swore him in. Then they swore to get him.""",Q539,+1972-01-01T00:00:00Z/9,Q675,Q672,"en:""The first Black President of the United States. First they swore him in. Then they swore to get him."""
Q1016,"Man, The, 1972",poster,Q539,+1972-01-01T00:00:00Z/9,Q685,Q672,
Q1017,"Mark of the Hawk, The, 1957","Starring Sidney Poitier, Eartha Kitt, and Juano Hernandez.",Q541,+1957-01-01T00:00:00Z/9,Q675,Q672,
Q1018,"Maurie, 1973",poster,Q543,+1973-01-01T00:00:00Z/9,Q704,Q672,
Q1019,"McMasters, The, 1969",Starring Brock Peters.,Q544,+1969-01-01T00:00:00Z/9,Q675,Q672,
Q1020,"McMasters, The, 1969",British press book,Q544,+1969-01-01T00:00:00Z/9,Q675,Q672,
Q1021,"Monkey Hustle, 1976",pressbook,Q549,+1976-01-01T00:00:00Z/9,Q677,Q672,
Q1022,"Monkey Hustle, 1975",poster; minor bleed-thru of distributor stamp,Q549,+1975-01-01T00:00:00Z/9,Q704,Q672,
Q1023,"Mr. Mean, 1977",poster,Q550,+1977-01-01T00:00:00Z/9,Q704,Q672,
Q1024,"Muthers, The, 1976",Starring Jeanne Bell and Jayne Kennedy.,Q551,+1976-01-01T00:00:00Z/9,Q675,Q672,
Q1025,"Naked Prey, The, 1966",Starring Ken Gampu.,Q553,+1966-01-01T00:00:00Z/9,Q675,Q672,
Q1026,"Naked Prey, The, 1966",British campaign book,Q553,+1966-01-01T00:00:00Z/9,Q675,Q672,
Q1027,"Naked Prey, The, 1966",Promotional pamphlet,Q553,+1966-01-01T00:00:00Z/9,Q675,Q672,
Q1028,"Norman ... Is That You?, 1976",pressbook,Q555,+1976-01-01T00:00:00Z/9,Q677,Q672,
Q1029,"Norman, Is That You?, 1976",poster,Q555,+1976-01-01T00:00:00Z/9,Q704,Q672,
Q1030,"Nothing But a Man, 1964",pressbook,Q556,+1964-01-01T00:00:00Z/9,Q677,Q672,
Q1031,"Obsessed One, The, 1974",poster,Q557,+1974-01-01T00:00:00Z/9,Q686,Q672,
Q1032,"On the Block, 1990",poster,Q558,+1990-01-01T00:00:00Z/9,Q704,Q672,
Q1033,"On the Right Track, 1981",poster,Q559,+1981-01-01T00:00:00Z/9,Q705,Q672,
Q1034,"One Down, Two to Go, 1982",poster; rippled lower border,Q560,+1982-01-01T00:00:00Z/9,Q705,Q672,
Q1035,"Organization, The, 1971",Starring Sidney Poitier.,Q562,+1971-01-01T00:00:00Z/9,Q675,Q672,
Q1036,"Organization, The, 1971",pressbook,Q562,+1971-01-01T00:00:00Z/9,Q677,Q672,
Q1037,"Part 2 Sounder, 1976",poster,Q564,+1976-01-01T00:00:00Z/9,Q705,Q672,
Q1038,"Penitentiary, 1979",pressbook,Q565,+1979-01-01T00:00:00Z/9,Q677,Q672,
Q1039,"Penitentiary, 1979",poster,Q565,+1979-01-01T00:00:00Z/9,Q705,Q672,
Q1040,"Penitentiary II, 1982",poster; rippling at folds from folding,Q566,+1982-01-01T00:00:00Z/9,Q705,Q672,
Q1041,"Piece of the Action, A, 1977",pressbook,Q567,+1977-01-01T00:00:00Z/9,Q677,Q672,
Q1042,"Piece of the Action, A, 1977",poster,Q567,+1977-01-01T00:00:00Z/9,Q686,Q672,
Q1043,"Pipe Dreams (Style A), 1976",poster,Q568,+1976-01-01T00:00:00Z/9,Q686,Q672,
Q1044,"Pipe Dreams, 1976",pressbook,Q568,+1976-01-01T00:00:00Z/9,Q677,Q672,
Q1045,"Raisin in the Sun, A, 1961",pressbook,Q573,+1961-01-01T00:00:00Z/9,Q677,Q672,
Q1046,"Riot, 1969",Press book; Starring Jim Brown.,Q576,+1969-01-01T00:00:00Z/9,Q675,Q672,
Q1047,"Riot, 1969",Promotional booklet The Prison Record,Q576,+1969-01-01T00:00:00Z/9,Q675,Q672,
Q1048,"Robin and the 7 Hoods, 1964","Press book; ""Sammy Davis Jr. in one of the famous Rat Pack films with Frank Sinatra, Dean Martin, et al."" Bogle II, p. 214-5: On the surface the clan pictures were egalitarian affairs; underneath they rotted from white patronizing and hypocrisy.",Q577,+1964-01-01T00:00:00Z/9,Q675,Q672,"en:""Sammy Davis Jr. in one of the famous Rat Pack films with Frank Sinatra, Dean Martin, et al."" Bogle II, p. 214-5: On the surface the clan pictures were egalitarian affairs; underneath they rotted from white patronizing and hypocrisy."
Q1049,"Rock Baby, Rock It, 1957",,Q578,+1957-01-01T00:00:00Z/9,Q675,Q672,"en:""B-movie rock musical showcased calypso group the Five Stars."""
Q1050,"Rock Baby, Rock It, 1957",Promotional flyer,Q578,+1957-01-01T00:00:00Z/9,Q675,Q672,
Q1051,"Rocky III, 1982",Advertising supplement,Q579,+1982-01-01T00:00:00Z/9,Q675,Q672,
Q1052,"Sam Whiskey, 1969",Press book; Starring Ossie Davis.,Q580,+1969-01-01T00:00:00Z/9,Q676,Q672,
Q1053,"Sapphire, 1959",,Q581,+1959-01-01T00:00:00Z/9,Q676,Q672,"en:""Rare film about Afro-British life, a mystery about a young woman attempting to pass."""
Q1054,"Savage, 1973",pressbook,Q582,+1973-01-01T00:00:00Z/9,Q677,Q672,
Q1055,"Savage, 1973",poster,Q582,+1973-01-01T00:00:00Z/9,Q686,Q672,
Q1056,"Save the Children, 1973",poster,Q583,+1973-01-01T00:00:00Z/9,Q706,Q672,
Q1057,"Save the Children, 1973","Press book; Featuring Jesse Jackson, Sammy Davis Jr., the Chi-Lites, Nancy Wilson, and the Temptations. ""Concert film from the 1972 Operation PUSH exposition in Chicago, interspersed with documentary footage of the period.""",Q583,+1973-01-01T00:00:00Z/9,Q676,Q672,"en:""Concert film from the 1972 Operation PUSH exposition in Chicago, interspersed with documentary footage of the period."""
Q1058,"Save the Children, 1973",Advertising sheets,Q583,+1973-01-01T00:00:00Z/9,Q676,Q672,
Q1059,"Scalphunters, The, 1968",Advertising supplement (#2),Q584,+1968-01-01T00:00:00Z/9,Q676,Q672,
Q1060,"Scott Joplin, 1977",poster,Q585,+1977-01-01T00:00:00Z/9,Q687,Q672,
Q1061,"Scream, Blacula, Scream, 1973",poster,Q586,+1973-01-01T00:00:00Z/9,Q706,Q672,
Q1062,"Scream, Blacula, Scream, 1973",British press book,Q586,+1973-01-01T00:00:00Z/9,Q676,Q672,
Q1063,"Scream, Blacula, Scream, 1973",Starring William Marshall.,Q586,+1973-01-01T00:00:00Z/9,Q676,Q672,
Q1064,"Seizure, 1974",Press book; Starring Henry Baker.,Q587,+1974-01-01T00:00:00Z/9,Q676,Q672,
Q1065,"Shaft, 1971",poster,Q588,+1971-01-01T00:00:00Z/9,Q706,Q672,
Q1066,"Shaft in Africa, 1973",Press book; Starring Richard Roundtree.,Q589,+1973-01-01T00:00:00Z/9,Q676,Q672,
Q1067,"Shaft, 1971","Press book; ""One of the legendary films which launched the Blaxploitation film cycle of the 1970s.""",Q588,+1971-01-01T00:00:00Z/9,Q676,Q672,"en:""One of the legendary films which launched the Blaxploitation film cycle of the 1970s."""
Q1068,"Shaft's Big Score!, 1972","Press book; ""Director Gordon Parks and Richard Roundtree teamed up again for this first sequel.""",Q591,+1972-01-01T00:00:00Z/9,Q676,Q672,"en:""Director Gordon Parks and Richard Roundtree teamed up again for this first sequel."""
Q1069,"Shaft's Big Score!, 1972",Press book,Q591,+1972-01-01T00:00:00Z/9,Q676,Q672,
Q1070,"She's Too Mean for Me, 1948",poster; All-black cast,Q592,+1948-01-01T00:00:00Z/9,Q706,Q672,
Q1071,"Shock Corridor, 1963",Promotional brochure,Q593,+1963-01-01T00:00:00Z/9,Q676,Q672,
Q1072,"Silver Streak, 1976","Press book; ""The first of a very successful series of comedies pairing Richard Pryor and Gene Wilder.""",Q594,+1976-01-01T00:00:00Z/9,Q676,Q672,"en:""The first of a very successful series of comedies pairing Richard Pryor and Gene Wilder."""
Q1073,"Six Thousand Dollar N*gger, 1978","poster; undersized, extra folds",Q595,+1978-01-01T00:00:00Z/9,Q707,Q672,
Q1074,"Skin Game, 1971","Press book; Starring Lou Gossett, Jr.",Q596,+1971-01-01T00:00:00Z/9,Q676,Q672,
Q1075,"Slammer, 1977",poster,Q597,+1977-01-01T00:00:00Z/9,Q707,Q672,
Q1076,"Slams, The, 1973",Press book; Starring Jim Brown and Judy Pace.,Q598,+1973-01-01T00:00:00Z/9,Q676,Q672,
Q1077,"Slams, The, 1973",poster,Q598,+1973-01-01T00:00:00Z/9,Q688,Q672,
Q1078,"Slaughter, 1972",premiere program,Q599,+1972-01-01T00:00:00Z/9,Q677,Q672,
Q1079,"Slaughter, 1972",poster,Q599,+1972-01-01T00:00:00Z/9,Q687,Q672,
Q1080,"Slaughter's Big Rip-Off, 1973",Starring Jim Brown and Brock Peters.,Q600,+1973-01-01T00:00:00Z/9,Q676,Q672,
Q1081,"Slaves, The, 1969","Starring Dionne Warwick and Ossie Davis. ""Official entry 1969 Cannes Film Festival.""",Q601,+1969-01-01T00:00:00Z/9,Q676,Q672,"en:""Official entry 1969 Cannes Film Festival."""
Q1082,"Slender Thread, The, 1965",Starring Sidney Poitier.,Q602,+1965-01-01T00:00:00Z/9,Q676,Q672,
Q1083,"Solomon King, 1974",pressbook,Q603,+1974-01-01T00:00:00Z/9,Q677,Q672,
Q1084,"Some Kind of Hero, 1982",poster,Q604,+1982-01-01T00:00:00Z/9,Q707,Q672,
Q1085,"Soul of N*gger Charley, 1973",poster; smudge in right border,Q605,+1973-01-01T00:00:00Z/9,Q707,Q672,
Q1086,"Soul of Nigger Charley, 1973",Press book; Starring Fred Williamson.,Q605,+1973-01-01T00:00:00Z/9,Q676,Q672,
Q1087,"Soul of Nigger Charley, 1973",Advertising sheets,Q605,+1973-01-01T00:00:00Z/9,Q676,Q672,
Q1088,"Soul of Nigger Charley, 1973",poster,Q605,+1973-01-01T00:00:00Z/9,Q687,Q672,
Q1089,"Soul Soldier, 1970",,Q606,+1970-01-01T00:00:00Z/9,Q676,Q672,"en:""Very early entry in the Blaxploitation cycle starring athlete Rafer Johnson."""
Q1090,"Soul Soldier, 1970",poster,Q606,+1970-01-01T00:00:00Z/9,Q687,Q672,
Q1091,"Soul to Soul, 1971",poster,Q607,+1971-01-01T00:00:00Z/9,Q707,Q672,
Q1092,"Soul to Soul, 1971",Press book; Starring Roberta Flack and Wilson Pickett.,Q607,+1971-01-01T00:00:00Z/9,Q676,Q672,
Q1093,"Sounder, 1972",pressbook,Q608,+1972-01-01T00:00:00Z/9,Q677,Q672,
Q1094,"Sparkle, 1976",Starring Irene Cara and Lonette McKee.,Q609,+1976-01-01T00:00:00Z/9,Q676,Q672,
Q1095,"Sparkle, 1976",poster,Q609,+1976-01-01T00:00:00Z/9,Q687,Q672,
Q1096,"Sparkle, 1976",poster; B style,Q609,+1976-01-01T00:00:00Z/9,Q708,Q672,
Q1097,"Split, The, 1968",Campaign book; Starring Jim Brown and Diahann Carroll.,Q610,+1968-01-01T00:00:00Z/9,Q676,Q672,
Q1098,"Spook Who Sat by the Door, The, 1973",pressbook,Q611,+1973-01-01T00:00:00Z/9,Q677,Q672,
Q1099,"St. Louis Blues, 1958","Theatre program; Starring Eartha Kitt, Nat King Cole, Ruby Dee, Ella Fitzgerald, Cab Calloway, Pearl Bailey, and Mahalia Jackson. ""Theatre program from Germany, with an elegant photomontage of images from the film.""",Q612,+1958-01-01T00:00:00Z/9,Q676,Q672,"en:""Theatre program from Germany, with an elegant photomontage of images from the film."""
Q1100,"Steely Brown, 1976",poster,Q613,+1976-01-01T00:00:00Z/9,Q708,Q672,
Q1196,"Stormy Weather, 1943",Souvenir program ,Q614,+1943-01-01T00:00:00Z/9,Q676,Q672,"en:""Famous wartime musical which made use of an astonishing virtual who's who of top African-American talents. Lena Horne. Fats Waller. The Nicholas Brothers. Cab Calloway. Bill Robinson. All promotional materials from this film are extremely scarce. This is a nicely illustrated souvenir program from Denmark."""
Q1102,"Story of a Three-Day Pass, 1968",pressbook,Q615,+1968-01-01T00:00:00Z/9,Q677,Q672,
Q1103,"Straight out of Brooklyn, 1991",poster,Q616,+1991-01-01T00:00:00Z/9,Q708,Q672,
Q1104,"Stud Brown, 1974",poster,Q617,+1974-01-01T00:00:00Z/9,Q708,Q672,
Q1105,"Sugar Hill, 1974",Starring Marki Bey.,Q618,+1974-01-01T00:00:00Z/9,Q676,Q672,
Q1106,"Sugar Hill, 1974",poster,Q618,+1974-01-01T00:00:00Z/9,Q688,Q672,
Q1107,"Super Fly T.N.T., 1973",,Q619,+1973-01-01T00:00:00Z/9,Q711,Q672,
Q1108,"Super Fly T.N.T., 1973",Press book; Starring Ron O'Neal.,Q619,+1973-01-01T00:00:00Z/9,Q676,Q672,
Q1109,"Super Fly T.N.T., 1973",Advertising sheets,Q619,+1973-01-01T00:00:00Z/9,Q676,Q672,
Q1110,"Super Fly, 1972",Press book; Starring Ron O'Neal.,Q620,+1972-01-01T00:00:00Z/9,Q676,Q672,
Q1111,"Superfly T.N.T., 1973",poster,Q619,+1973-01-01T00:00:00Z/9,Q688,Q672,
Q1112,"Swashbuckler, 1976",Advertising supplement,Q621,+1976-01-01T00:00:00Z/9,Q676,Q672,
Q1113,"Sweet Jesus Preacher Man, 1973",Press book; Starring Roger E. Mosely.,Q622,+1973-01-01T00:00:00Z/9,Q676,Q672,
Q1114,"Sweet Jesus Preacher Man, 1973",poster; credit correction; snipe glue to bottom,Q622,+1973-01-01T00:00:00Z/9,Q708,Q672,
Q1115,"Sweet Sweetback's Baadasssss Song, 1971","Press book; ""Melvin Van Peebles (director). [This is an extremely rare press book, all original materials from this film seem to have vanished a long time ago.]""",Q623,+1971-01-01T00:00:00Z/9,Q676,Q672,"en:""Melvin Van Peebles (director). [This is an extremely rare press book, all original materials from this film seem to have vanished a long time ago.]"""
Q1116,"Take a Giant Step, 1959",poster; Canadian ink censor stamp,Q624,+1959-01-01T00:00:00Z/9,Q709,Q672,
Q1117,"Take a Hard Ride, 1975",pressbook,Q625,+1975-01-01T00:00:00Z/9,Q677,Q672,
Q1118,"Take A Hard Ride, 1975",Ad supplement,Q625,+1975-01-01T00:00:00Z/9,Q676,Q672,
Q1119,"Take, The, 1974",pressbook,Q626,+1974-01-01T00:00:00Z/9,Q677,Q672,
Q1120,"Take, The, 1974",poster,Q626,+1974-01-01T00:00:00Z/9,Q709,Q672,
Q1121,"Tamango, 1958",lobby cards,Q627,+1958-01-01T00:00:00Z/9,Q677,Q672,
Q1122,"Teenage Millionaire, 1962",Press book; Starring Jackie Wilson and Chubby Checker.,Q628,+1962-01-01T00:00:00Z/9,Q676,Q672,
Q1123,"That Man Bolt, 1973",Press book; Starring Fred Williamson.,Q629,+1973-01-01T00:00:00Z/9,Q676,Q672,
Q1124,"That Man Bolt, 1973",Advertising supplement,Q629,+1973-01-01T00:00:00Z/9,Q676,Q672,
Q1125,"That Man Bolt, 1973",poster,Q629,+1973-01-01T00:00:00Z/9,Q688,Q672,
Q1126,"That's the Way of the World, 1975","Press book; Starring the group Earth, Wind, and Fire.",Q630,+1975-01-01T00:00:00Z/9,Q676,Q672,
Q1127,"The River Niger, 1976",poster; NSS stamp at bottom,Q631,+1976-01-01T00:00:00Z/9,Q706,Q672,
Q1128,"They Call Me Mister Tibbs, 1970",poster,Q632,+1970-01-01T00:00:00Z/9,Q709,Q672,
Q1129,"They Call Me Mister Tibbs, 1970",Press book; Starring Sidney Poitier.,Q632,+1970-01-01T00:00:00Z/9,Q676,Q672,
Q1130,"Thing with Two Heads, The, 1972",pressbook,Q633,+1972-01-01T00:00:00Z/9,Q677,Q672,
Q1131,"Things Fall Apart, 1974",poster,Q634,+1974-01-01T00:00:00Z/9,Q709,Q672,
Q1132,"Thomasine and Bushrod, 1974",poster,Q635,+1974-01-01T00:00:00Z/9,Q688,Q672,
Q1133,"Three the Hard Way, 1974","Starring Jim Brown, Fred Williamson, and Jim Kelly. Directed by Gordon Parks, Jr.",Q636,+1974-01-01T00:00:00Z/9,Q676,Q672,
Q1134,"Three Tough Guys, 1974",pressbook,Q637,+1974-01-01T00:00:00Z/9,Q677,Q672,
Q1135,"Three Tough Guys, 1974",poster,Q637,+1974-01-01T00:00:00Z/9,Q709,Q672,
Q1136,"Thunder over Sangoland, 1955",poster; image of James Edwards,Q638,+1955-01-01T00:00:00Z/9,Q709,Q672,
Q1137,"Tick. . . Tick. . . Tick. . ., 1970","Starring Jim Brown. [A small area of blank margin to one leaf is missing, with no content affected].",Q639,+1970-01-01T00:00:00Z/9,Q676,Q672,
Q1138,"Tick. . . Tick. . . Tick. . ., 1970",poster,Q639,+1970-01-01T00:00:00Z/9,Q689,Q672,
Q1139,"To Kill A Mockingbird, 1967","1967 reissue of 1962 film; Starring Brock Peters. ""Reissue on a double bill with, of all the possible unlikely choices, a Doris Day comedy.""",Q640,+1967-01-01T00:00:00Z/9,Q676,Q672,"en:""Reissue on a double bill with, of all the possible unlikely choices, a Doris Day comedy."""
Q1140,"To Sir, With Love, 1966",Starring Sidney Poitier.,Q641,+1966-01-01T00:00:00Z/9,Q676,Q672,
Q1141,"To Sir, With Love, 1966","Advertising press book insert; ""Multiple-run and hold over advertising press book insert.""",Q641,+1966-01-01T00:00:00Z/9,Q676,Q672,"en:""Multiple-run and hold over advertising press book insert."""
Q1142,"Together Brothers, 1974",pressbook,Q642,+1974-01-01T00:00:00Z/9,Q677,Q672,
Q1143,"Together Brothers, 1974",poster,Q642,+1974-01-01T00:00:00Z/9,Q689,Q672,
Q1144,"Top of the Heap, 1972","Starring Christopher St. John (also producer, writer, and director). Early entry in the Blaxploitation cycle. Bogle II, p. 241.",Q643,+1972-01-01T00:00:00Z/9,Q676,Q672,
Q1145,"Top of the Heap, 1972",poster,Q643,+1972-01-01T00:00:00Z/9,Q689,Q672,
Q1146,"Topaz, 1969",Advertising booklet; Starring Roscoe Lee Browne,Q644,+1969-01-01T00:00:00Z/9,Q676,Q672,
Q1147,"Topaz, 1969",Advertising sheets,Q644,+1969-01-01T00:00:00Z/9,Q676,Q672,
Q1148,"Tough, 1974",poster,Q645,+1974-01-01T00:00:00Z/9,Q689,Q672,
Q1149,"Towering Inferno, The, 1974",Press book; Starring O.J. Simpson.,Q646,+1974-01-01T00:00:00Z/9,Q676,Q672,
Q1150,"Toy, The, 1982",Special advertising printout,Q647,+1982-01-01T00:00:00Z/9,Q676,Q672,
Q1151,"Trick Baby, 1973",pressbook,Q648,+1973-01-01T00:00:00Z/9,Q678,Q672,
Q1152,"Trick Baby, 1972",poster,Q648,+1972-01-01T00:00:00Z/9,Q689,Q672,
Q1153,"Trouble Man, 1972",pressbook,Q649,+1972-01-01T00:00:00Z/9,Q677,Q672,
Q1154,"Trouble Man, 1972",Starring Robert Hooks and Paula Kelly.,Q649,+1972-01-01T00:00:00Z/9,Q676,Q672,
Q1155,"Trouble Man, 1972",poster,Q649,+1972-01-01T00:00:00Z/9,Q690,Q672,
Q1156,"Truck Turner, 1974",Starring Isaac Hayes.,Q650,+1974-01-01T00:00:00Z/9,Q676,Q672,
Q1157,"Truck Turner, 1974","Promotional newsletter; Starring Isaac Hayes. ""Special promotional piece in the form of a newsletter, International Bail Bond News.""",Q650,+1974-01-01T00:00:00Z/9,Q676,Q672,"en:""Special promotional piece in the form of a newsletter, International Bail Bond News."""
Q1158,"Truck Turner, 1974","Press book; ""Special press book for a double-bill release with Foxy Brown (1974).""",Q650,+1974-01-01T00:00:00Z/9,Q676,Q672,"en:""Special press book for a double-bill release with Foxy Brown (1974)."""
Q1159,"Twilight Zone-The Movie, 1983",British campaign book; Starring Scatman Crothers.,Q651,+1983-01-01T00:00:00Z/9,Q676,Q672,
Q1160,"Two Gentlemen Sharing, 1969","Starring Hal Frederick and Esther Anderson. ""Unusual but sensationally-treated story of mixed race couples.""",Q652,+1969-01-01T00:00:00Z/9,Q676,Q672,"en:""Unusual but sensationally-treated story of mixed race couples."""
Q1161,"Up Tight, 1968",poster,Q653,+1968-01-01T00:00:00Z/9,Q690,Q672,
Q1162,"Uptight!, 1968",Starring Ruby Dee and Roscoe Lee Browne.,Q654,+1968-01-01T00:00:00Z/9,Q676,Q672,
Q1163,"Uptown Saturday Night, 1974",pressbook,Q655,+1974-01-01T00:00:00Z/9,Q677,Q672,
Q1164,"Uptown Saturday Night, 1974",poster,Q655,+1974-01-01T00:00:00Z/9,Q710,Q672,
Q1165,"Uptown Saturday Night, 1974",poster,Q655,+1974-01-01T00:00:00Z/9,Q690,Q672,
Q1166,"Warm December, A, 1973",Press book; Starring Sidney Poitier.,Q656,+1973-01-01T00:00:00Z/9,Q676,Q672,
Q1167,"Warm December, 1973",poster; B style,Q656,+1973-01-01T00:00:00Z/9,Q710,Q672,
Q1168,"Watermelon Man, 1970",Press book insert,Q657,+1970-01-01T00:00:00Z/9,Q676,Q672,
Q1169,"Watermelon Man, 1970",poster,Q657,+1970-01-01T00:00:00Z/9,Q690,Q672,
Q1170,"Watusi, 1959",Starring Rex Ingram.,Q658,+1959-01-01T00:00:00Z/9,Q676,Q672,
Q1171,"Watusi, 1959",Promotional booklet,Q658,+1959-01-01T00:00:00Z/9,Q676,Q672,
Q1172,"Welcome Home, Brother Charles, 1975",poster,Q659,+1975-01-01T00:00:00Z/9,Q690,Q672,
Q1173,"Which Way Is Up?, 1977",pressbook,Q660,+1977-01-01T00:00:00Z/9,Q678,Q672,
Q1174,"Willie Dynamite, 1974",pressbook,Q661,+1974-01-01T00:00:00Z/9,Q678,Q672,
Q1175,"Willie Dynamite, 1974",poster,Q661,+1974-01-01T00:00:00Z/9,Q710,Q672,
Q1176,"Winterhawk, 1976",Starring Woody Strode.,Q662,+1976-01-01T00:00:00Z/9,Q676,Q672,
Q1177,"Woodstock, 1970",,Q663,+1970-01-01T00:00:00Z/9,Q676,Q672,"en:""Legendary rock musical showcases Sly and the Family Stone, Richie Havens, and, of course, Jimi Hendrix."""
Q1178,"World, The Flesh and the Devil, The, 1959","Press book; Starring Harry Belafonte. ""Science-fiction film in which Belafonte is one of only three survivors of a nuclear holocaust, produced by Belafonte.""",Q664,+1959-01-01T00:00:00Z/9,Q676,Q672,"en:""Science-fiction film in which Belafonte is one of only three survivors of a nuclear holocaust, produced by Belafonte."""
Q1179,"World's Greatest Athlete, The, 1973",Ad pad,Q665,+1973-01-01T00:00:00Z/9,Q676,Q672,
Q1180,"Wusa, 1970",Starring Moses Gunn.,Q666,+1970-01-01T00:00:00Z/9,Q676,Q672,
Q1181,"Youngblood, 1978",poster,Q667,+1978-01-01T00:00:00Z/9,Q710,Q672,
Q1182,"Zebra Killer, 1974",poster,Q668,+1974-01-01T00:00:00Z/9,Q710,Q672,
Q1183,"Zircon, 1920",,Q669,+1920-01-01T00:00:00Z/9,Q676,Q672,"en:""Flyer for unproduced film serial of the 1920s featuring 15 chapters. Also features advertisements for films ""Regeneration,"" ""The Crimson Skull,"" ""Green Eyed Monster,"" and ""The Bull Dogger."""""